{
    "setting0": {
        " Particle_sizeEase": 0,
        "Emitter_CircleSize": 0.0,
        "Emitter_ParticleMaxNum": 100,
        "Emitter_Pos": [
            0.0,
            0.0,
            -11.59000015258789
        ],
        "Emitter_RotateFirst": [
            0.0,
            0.0,
            0.0
        ],
        "Emitter_RotateSecond": [
            0.0,
            0.0,
            0.0
        ],
        "Emitter_Size": [
            0.035999998450279236,
            0.035999998450279236,
            0.0
        ],
        "Emitter_Type": 0,
        "Emitter_vaildTime": 200,
        "Particle_colorEase": 0,
        "Particle_colorFirst": 2030372351,
        "Particle_colorSecond": 1610875923,
        "Particle_deathFirst": 290,
        "Particle_deathSecond": 500,
        "Particle_ease": 20,
        "Particle_freqFirst": 100,
        "Particle_freqSecond": 120,
        "Particle_isSameHW": 1,
        "Particle_moveRotateFirst": [
            0.0,
            0.0,
            0.0
        ],
        "Particle_moveRotateSecond": [
            0.0,
            0.0,
            0.0
        ],
        "Particle_particleNumFirst": 40,
        "Particle_particleNumSecond": 50,
        "Particle_rotate1": [
            0.0,
            0.0,
            0.0
        ],
        "Particle_rotate2": [
            0.0,
            0.0,
            0.0
        ],
        "Particle_rotateEase": 0,
        "Particle_rotateSecond1": [
            0.0,
            0.0,
            0.0
        ],
        "Particle_rotateSecond2": [
            0.0,
            0.0,
            0.0
        ],
        "Particle_size1": [
            0.07199999690055847,
            20.0
        ],
        "Particle_size2": [
            0.7200000286102295,
            50.0
        ],
        "Particle_sizeEase": 0,
        "Particle_sizeSecond1": [
            0.18000000715255737,
            20.0
        ],
        "Particle_sizeSecond2": [
            0.7200000286102295,
            50.0
        ],
        "Particle_velocity1": [
            -21.600000381469727,
            4.320000171661377,
            0.0
        ],
        "Particle_velocity2": [
            21.600000381469727,
            10.800000190734863,
            0.0
        ],
        "Particle_velocitySecond1": [
            -0.14399999380111694,
            -2.1600000858306885,
            0.0
        ],
        "Particle_velocitySecond2": [
            0.14399999380111694,
            -0.7200000286102295,
            0.0
        ]
    }
}
