{
    "setting0": {
        " Particle_sizeEase": 0,
        "Emitter_CircleSize": 0.0,
        "Emitter_ParticleMaxNum": 25,
        "Emitter_Pos": [
            0.0,
            0.0,
            0.0
        ],
        "Emitter_RotateFirst": [
            0.0,
            0.0,
            0.0
        ],
        "Emitter_RotateSecond": [
            0.0,
            0.0,
            0.0
        ],
        "Emitter_Size": [
            0.0,
            0.0,
            0.0
        ],
        "Emitter_Type": 0,
        "Emitter_vaildTime": 150,
        "Particle_colorEase": 0,
        "Particle_colorFirst": 903484126,
        "Particle_colorSecond": 3558540874,
        "Particle_deathFirst": 500,
        "Particle_deathSecond": 700,
        "Particle_ease": 17,
        "Particle_freqFirst": 100,
        "Particle_freqSecond": 120,
        "Particle_isSameHW": 1,
        "Particle_moveRotateFirst": [
            0.0,
            0.0,
            0.0
        ],
        "Particle_moveRotateSecond": [
            0.0,
            0.0,
            6.269999980926514
        ],
        "Particle_particleNumFirst": 20,
        "Particle_particleNumSecond": 25,
        "Particle_rotate1": [
            0.0,
            0.0,
            0.0
        ],
        "Particle_rotate2": [
            0.0,
            0.0,
            0.0
        ],
        "Particle_rotateEase": 0,
        "Particle_rotateSecond1": [
            0.0,
            0.0,
            0.0
        ],
        "Particle_rotateSecond2": [
            0.0,
            0.0,
            0.0
        ],
        "Particle_size1": [
            0.9300000071525574,
            1.8600000143051147
        ],
        "Particle_size2": [
            2.325000047683716,
            4.650000095367432
        ],
        "Particle_sizeEase": 0,
        "Particle_sizeSecond1": [
            0.9300000071525574,
            1.8600000143051147
        ],
        "Particle_sizeSecond2": [
            2.325000047683716,
            4.650000095367432
        ],
        "Particle_velocity1": [
            27.899999618530273,
            0.0,
            0.0
        ],
        "Particle_velocity2": [
            33.47999954223633,
            0.0,
            0.0
        ],
        "Particle_velocitySecond1": [
            -0.2789999842643738,
            8.369999885559082,
            0.0
        ],
        "Particle_velocitySecond2": [
            0.2789999842643738,
            11.15999984741211,
            0.0
        ]
    }
}
