{
    "UIs": {
        "Title": [
            {
                "TextureFullPath": "Resources/UI/backGround.png",
                "TextureName": "backGround",
                "UVScale": [
                    1.0,
                    1.0
                ],
                "UVTranslate": [
                    0.23597340285778046,
                    0.6180199384689331
                ],
                "color": 4294967295,
                "scale": [
                    1408.0,
                    792.0,
                    1.0
                ],
                "translate": [
                    0.0,
                    0.0,
                    1.0
                ]
            }
        ]
    }
}
