{
    "UIs": {
        "Title": [
            {
                "TextureFullPath": "Resources/UI/backGround.png",
                "TextureName": "backGround",
                "UVScale": [
                    1.0,
                    1.0
                ],
                "UVTranslate": [
                    0.9189369678497314,
                    0.4595523774623871
                ],
                "color": 4294967295,
                "scale": [
                    1408.0,
                    792.0,
                    1.0
                ],
                "translate": [
                    0.0,
                    0.0,
                    1.0
                ]
            }
        ]
    }
}
