{
    "setting0": {
        " Particle_sizeEase": 0,
        "Emitter_CircleSize": 0.0,
        "Emitter_ParticleMaxNum": 100,
        "Emitter_Pos": [
            0.0,
            0.0,
            0.0
        ],
        "Emitter_RotateFirst": [
            0.0,
            0.0,
            0.0
        ],
        "Emitter_RotateSecond": [
            0.0,
            0.0,
            0.0
        ],
        "Emitter_Size": [
            0.0,
            0.0,
            0.0
        ],
        "Emitter_Type": 0,
        "Emitter_vaildTime": 200,
        "Particle_colorEase": 0,
        "Particle_colorFirst": 4045950101,
        "Particle_colorSecond": 4045949952,
        "Particle_deathFirst": 290,
        "Particle_deathSecond": 500,
        "Particle_ease": 17,
        "Particle_freqFirst": 100,
        "Particle_freqSecond": 120,
        "Particle_isSameHW": 1,
        "Particle_moveRotateFirst": [
            0.0,
            0.0,
            0.0
        ],
        "Particle_moveRotateSecond": [
            0.0,
            0.0,
            6.269999980926514
        ],
        "Particle_particleNumFirst": 4,
        "Particle_particleNumSecond": 6,
        "Particle_rotate1": [
            0.0,
            0.0,
            0.0
        ],
        "Particle_rotate2": [
            0.0,
            0.0,
            0.0
        ],
        "Particle_rotateEase": 0,
        "Particle_rotateSecond1": [
            0.0,
            0.0,
            0.0
        ],
        "Particle_rotateSecond2": [
            0.0,
            0.0,
            0.0
        ],
        "Particle_size1": [
            0.7199999690055847,
            0.7199999690055847
        ],
        "Particle_size2": [
            1.7999999523162842,
            1.7999999523162842
        ],
        "Particle_sizeEase": 0,
        "Particle_sizeSecond1": [
            0.7199999690055847,
            0.7199999690055847
        ],
        "Particle_sizeSecond2": [
            1.7999999523162842,
            1.7999999523162842
        ],
        "Particle_velocity1": [
            8.639999389648438,
            0.0,
            0.0
        ],
        "Particle_velocity2": [
            9.359999656677246,
            0.0,
            0.0
        ],
        "Particle_velocitySecond1": [
            -0.10799999535083771,
            1.619999885559082,
            0.0
        ],
        "Particle_velocitySecond2": [
            0.10799999535083771,
            2.1599998474121094,
            0.0
        ]
    }
}
