{
    "nutrition": [
        {
            "Pos": [
                1.5,
                0.0,
                0.0
            ],
            "Rotate": [
                0.0,
                0.0,
                0.0
            ],
            "Scale": [
                0.30000001192092896,
                0.30000001192092896,
                0.30000001192092896
            ]
        },
        {
            "Pos": [
                -2.4600000381469727,
                0.0,
                0.0
            ],
            "Rotate": [
                0.0,
                0.0,
                0.0
            ],
            "Scale": [
                1.0,
                1.0,
                1.0
            ]
        }
    ]
}
