{
    "nutrition": [
        {
            "Pos": [
                0.0,
                0.0,
                0.0
            ],
            "Rotate": [
                0.0,
                0.0,
                0.0
            ],
            "Scale": [
                0.9599999785423279,
                0.30000001192092896,
                0.30000001192092896
            ]
        },
        {
            "Pos": [
                0.0,
                -1.9199999570846558,
                0.0
            ],
            "Rotate": [
                0.0,
                0.0,
                0.0
            ],
            "Scale": [
                1.5,
                0.30000001192092896,
                0.30000001192092896
            ]
        },
        {
            "Pos": [
                3.0,
                0.0,
                10.0
            ],
            "Rotate": [
                0.0,
                0.0,
                0.0
            ],
            "Scale": [
                1.0,
                1.0,
                1.0
            ]
        },
        {
            "Pos": [
                -3.0,
                0.0,
                10.0
            ],
            "Rotate": [
                0.0,
                0.0,
                0.0
            ],
            "Scale": [
                1.0,
                1.0,
                1.0
            ]
        }
    ]
}
