{
    "setting0": {
        " Particle_sizeEase": 0,
        "Emitter_CircleSize": 0.0,
        "Emitter_ParticleMaxNum": 100,
        "Emitter_Pos": [
            0.0,
            0.0,
            0.0
        ],
        "Emitter_RotateFirst": [
            0.0,
            0.0,
            0.0
        ],
        "Emitter_RotateSecond": [
            0.0,
            0.0,
            0.0
        ],
        "Emitter_Size": [
            0.0,
            0.0,
            0.0
        ],
        "Emitter_Type": 0,
        "Emitter_vaildTime": 200,
        "Particle_colorEase": 0,
        "Particle_colorFirst": 4294967295,
        "Particle_colorSecond": 4294967059,
        "Particle_deathFirst": 290,
        "Particle_deathSecond": 500,
        "Particle_ease": 20,
        "Particle_freqFirst": 100,
        "Particle_freqSecond": 120,
        "Particle_isSameHW": 0,
        "Particle_moveRotateFirst": [
            0.0,
            0.0,
            0.0
        ],
        "Particle_moveRotateSecond": [
            0.0,
            0.0,
            0.0
        ],
        "Particle_particleNumFirst": 20,
        "Particle_particleNumSecond": 25,
        "Particle_rotate1": [
            0.0,
            0.0,
            -6.28000020980835
        ],
        "Particle_rotate2": [
            0.0,
            0.0,
            6.28000020980835
        ],
        "Particle_rotateEase": 0,
        "Particle_rotateSecond1": [
            0.0,
            0.0,
            -6.28000020980835
        ],
        "Particle_rotateSecond2": [
            0.0,
            0.0,
            6.28000020980835
        ],
        "Particle_size1": [
            0.035999998450279236,
            0.35999998450279236
        ],
        "Particle_size2": [
            0.35999998450279236,
            1.2000000476837158
        ],
        "Particle_sizeEase": 0,
        "Particle_sizeSecond1": [
            0.08999999612569809,
            0.35999998450279236
        ],
        "Particle_sizeSecond2": [
            0.35999998450279236,
            1.2000000476837158
        ],
        "Particle_velocity1": [
            -27.0,
            5.400000095367432,
            0.0
        ],
        "Particle_velocity2": [
            27.0,
            13.5,
            0.0
        ],
        "Particle_velocitySecond1": [
            -0.18000000715255737,
            -2.700000047683716,
            0.0
        ],
        "Particle_velocitySecond2": [
            0.18000000715255737,
            -0.8999999761581421,
            0.0
        ]
    }
}
