{
    "setting0": {
        " Particle_sizeEase": 0,
        "Emitter_CircleSize": 0.0,
        "Emitter_ParticleMaxNum": 100,
        "Emitter_Pos": [
            0.0,
            0.0,
            0.0
        ],
        "Emitter_RotateFirst": [
            0.0,
            0.0,
            0.0
        ],
        "Emitter_RotateSecond": [
            0.0,
            0.0,
            0.0
        ],
        "Emitter_Size": [
            0.14399999380111694,
            0.14399999380111694,
            0.0
        ],
        "Emitter_Type": 0,
        "Emitter_vaildTime": 200,
        "Particle_colorEase": 10,
        "Particle_colorFirst": 3696185343,
        "Particle_colorSecond": 1713841920,
        "Particle_deathFirst": 180,
        "Particle_deathSecond": 1200,
        "Particle_ease": 17,
        "Particle_freqFirst": 40,
        "Particle_freqSecond": 89,
        "Particle_isSameHW": 1,
        "Particle_moveRotateFirst": [
            0.0,
            0.0,
            0.0
        ],
        "Particle_moveRotateSecond": [
            0.0,
            0.0,
            0.0
        ],
        "Particle_particleNumFirst": 8,
        "Particle_particleNumSecond": 12,
        "Particle_rotate1": [
            0.0,
            0.0,
            0.0
        ],
        "Particle_rotate2": [
            0.0,
            0.0,
            0.0
        ],
        "Particle_rotateEase": 0,
        "Particle_rotateSecond1": [
            0.0,
            0.0,
            -3.140000104904175
        ],
        "Particle_rotateSecond2": [
            0.0,
            0.0,
            3.140000104904175
        ],
        "Particle_size1": [
            0.18000000715255737,
            0.0
        ],
        "Particle_size2": [
            0.36000001430511475,
            0.0
        ],
        "Particle_sizeEase": 10,
        "Particle_sizeSecond1": [
            0.18000000715255737,
            0.0
        ],
        "Particle_sizeSecond2": [
            0.18000000715255737,
            0.0
        ],
        "Particle_velocity1": [
            -4.320000171661377,
            8.640000343322754,
            0.0
        ],
        "Particle_velocity2": [
            4.320000171661377,
            8.640000343322754,
            0.0
        ],
        "Particle_velocitySecond1": [
            -2.1600000858306885,
            -8.640000343322754,
            0.0
        ],
        "Particle_velocitySecond2": [
            2.1600000858306885,
            -7.199999809265137,
            0.0
        ]
    }
}
