{
    "setting0": {
        "Emitter_CircleSize": 0.0,
        "Emitter_ParticleMaxNum": 100,
        "Emitter_Pos": [
            0.0,
            0.0,
            -3.059999942779541
        ],
        "Emitter_RotateFirst": [
            0.0,
            0.0,
            0.0
        ],
        "Emitter_RotateSecond": [
            0.0,
            0.0,
            0.0
        ],
        "Emitter_Size": [
            0.10000000149011612,
            0.10000000149011612,
            0.0
        ],
        "Emitter_Type": 0,
        "Emitter_vaildTime": 1000,
        "Particle_colorEase": 0,
        "Particle_colorFirst": 4278190079,
        "Particle_colorSecond": 4294967085,
        "Particle_deathFirst": 500,
        "Particle_deathSecond": 630,
        "Particle_ease": 13,
        "Particle_freqFirst": 134,
        "Particle_freqSecond": 209,
        "Particle_isSameHW": 1,
        "Particle_moveRotateFirst": [
            0.0,
            0.0,
            0.0
        ],
        "Particle_moveRotateSecond": [
            0.0,
            0.0,
            6.28000020980835
        ],
        "Particle_particleNumFirst": 10,
        "Particle_particleNumSecond": 15,
        "Particle_rotate1": [
            0.0,
            0.0,
            -6.0
        ],
        "Particle_rotate2": [
            0.0,
            0.0,
            6.28000020980835
        ],
        "Particle_rotateEase": 0,
        "Particle_rotateSecond1": [
            0.0,
            0.0,
            -6.28000020980835
        ],
        "Particle_rotateSecond2": [
            0.0,
            0.0,
            6.28000020980835
        ],
        "Particle_size1": [
            0.3370000123977661,
            0.0
        ],
        "Particle_size2": [
            0.5260000228881836,
            0.0
        ],
        "Particle_sizeEase": 0,
        "Particle_sizeSecond1": [
            0.19439999759197235,
            0.0
        ],
        "Particle_sizeSecond2": [
            0.19439999759197235,
            0.0
        ],
        "Particle_velocity1": [
            1.4579999446868896,
            0.0,
            0.0
        ],
        "Particle_velocity2": [
            1.8739999532699585,
            0.0,
            0.0
        ],
        "Particle_velocitySecond1": [
            0.0,
            0.0,
            0.0
        ],
        "Particle_velocitySecond2": [
            0.0,
            0.0,
            0.0
        ]
    }
}
