{
    "IvyComponent": {
        "伸びる時間の初期値": 0.800000011920929,
        "初期発射角度": 0.7853981852531433,
        "止まる時間の初期値": 0.75
    }
}
